{
    "name": "John Doe",
    "age": 30,
    "qualification":"UG",
    "address": {
        "street": "123 Main St",
        "city": "Anytown",
        "state": "CA"
       
    },
    "contacts": [
        {
            "type": "email",
            "value": "john.doe@example.com"
        },
        {
            "type": "phone",
            "value": "2343124545"
        }
    ],
    "isStudent": false,
    "courses": [
        {
            "courseName": "Computer Science",
            "credits": 3
        },
        {
            "courseName": "Mathematic",
            "credits": 4
        }
    ],
    "grades": {
        "Computer Science": "A",
        "Mathematics": "B+"
    },
    "isActive": true
}