{
    "quiz": {
        "sport": {
            "q1": {
                "question": "Which one is correct team name in NBA?",
                
                "answer": "Huston Rocket"
            }
        },
        "maths": {
            "q1": {
                "question": "5 + 8 = ?",
                "options": [
                    "10",
                    "11",
                    "12",
                    "13"
                ],
                "answer": "13"
            },
            "q2": {
                "question": "12 + 8 = ?",
                "options": [
                    "1",
                    "2",
                    "20",
                    "4"
                ],
                "answer": "20"
            }
        }
    }
}