{
    "3.6-3.7": [
      {
        "deprecated_function": "ensure_future",
        "replacement": "create_task"
      },
      {
        "deprecated_function": "tkinter.tix",
        "replacement": "tkinter.ttk"
      },
      {
        "deprecated_function": "asynchat",
        "replacement": "asyncio"
      },
      {
        "deprecated_function": "asyncore",
        "replacement": "asyncio"
      }
    ],
    "3.7-3.8": 
        [
            {
                "deprecated_function": "collections.OrderedDict.move_to_end(",
                "replacement": "dict.popitem(last=True"
            },  
            {
                "deprecated_function": "asyncio.Task.all_tasks",
                "replacement": "all_tasks"
            },
            {   
                "deprecated_function": "Task.current_task",
                "replacement": "current_task"
            },
            {
                "deprecated_function": "platform.popen",
                "replacement": "os.popen"
            },
            {
                "deprecated_function": "time.clock",
                "replacement": "time.perf_counter"
            }
        
    ],
    "3.8-3.9": [],  
    "3.9-3.10": [],  
    "3.10-3.11": [
        {
            "deprecated_function": "time.clock",
            "replacement": "time.process_time"
        },
        {
            "deprecated_function":"collections",
            "replacement":"collections.abc"
        },
        {
            "deprecated_function":"contextlib.nested",
            "replacement":""
        },
        {
            "deprecated_function":"viewitems",
            "replacement":"items"
        }
    ],
    "3.11-3.12": [
        { "deprecated_function": "distutils.core", "replacement": "setuptools" }
      ],
      "3.12-3.13": [
        {
            "deprecated_function": "cgitb",
            "replacement": ""
        },
        {
            "deprecated_function": "asyncio.get_child_watcher",
            "replacement": ""
        },
        {
            "deprecated_function": "binascii.b2a_base64",
            "replacement": "base64.b64encode"
        }
    ]
  }
  