{
    "3.9.9": {
        "release": "https://www.python.org/downloads/release/python-399/",
        "deprected": "https://docs.python.org/release/3.9.9/whatsnew/3.9.html#deprecated"
    },
    "3.9.8": {
        "release": "https://www.python.org/downloads/release/python-398/",
        "deprected": "https://docs.python.org/release/3.9.8/whatsnew/3.9.html#deprecated"
    },
    "3.9.7": {
        "release": "https://www.python.org/downloads/release/python-397/",
        "deprected": "https://docs.python.org/release/3.9.7/whatsnew/3.9.html#deprecated"
    },
    "3.9.6": {
        "release": "https://www.python.org/downloads/release/python-396/",
        "deprected": "https://docs.python.org/release/3.9.6/whatsnew/3.9.html#deprecated"
    },
    "3.9.5": {
        "release": "https://www.python.org/downloads/release/python-395/",
        "deprected": "https://docs.python.org/release/3.9.5/whatsnew/3.9.html#deprecated"
    },
    "3.9.4": {
        "release": "https://www.python.org/downloads/release/python-394/",
        "deprected": "https://docs.python.org/release/3.9.4/whatsnew/3.9.html#deprecated"
    },
    "3.9.2": {
        "release": "https://www.python.org/downloads/release/python-392/",
        "deprected": "https://docs.python.org/release/3.9.2/whatsnew/3.9.html#deprecated"
    },
    "3.9.19": {
        "release": "https://www.python.org/downloads/release/python-3919/",
        "deprected": "https://docs.python.org/release/3.9.19/whatsnew/3.9.html#deprecated"
    },
    "3.9.18": {
        "release": "https://www.python.org/downloads/release/python-3918/",
        "deprected": "https://docs.python.org/release/3.9.18/whatsnew/3.9.html#deprecated"
    },
    "3.9.17": {
        "release": "https://www.python.org/downloads/release/python-3917/",
        "deprected": "https://docs.python.org/release/3.9.17/whatsnew/3.9.html#deprecated"
    },
    "3.9.16": {
        "release": "https://www.python.org/downloads/release/python-3916/",
        "deprected": "https://docs.python.org/release/3.9.16/whatsnew/3.9.html#deprecated"
    },
    "3.9.15": {
        "release": "https://www.python.org/downloads/release/python-3915/",
        "deprected": "https://docs.python.org/release/3.9.15/whatsnew/3.9.html#deprecated"
    },
    "3.9.14": {
        "release": "https://www.python.org/downloads/release/python-3914/",
        "deprected": "https://docs.python.org/release/3.9.14/whatsnew/3.9.html#deprecated"
    },
    "3.9.13": {
        "release": "https://www.python.org/downloads/release/python-3913/",
        "deprected": "https://docs.python.org/release/3.9.13/whatsnew/3.9.html#deprecated"
    },
    "3.9.12": {
        "release": "https://www.python.org/downloads/release/python-3912/",
        "deprected": "https://docs.python.org/release/3.9.12/whatsnew/3.9.html#deprecated"
    },
    "3.9.11": {
        "release": "https://www.python.org/downloads/release/python-3911/",
        "deprected": "https://docs.python.org/release/3.9.11/whatsnew/3.9.html#deprecated"
    },
    "3.9.10": {
        "release": "https://www.python.org/downloads/release/python-3910/",
        "deprected": "https://docs.python.org/release/3.9.10/whatsnew/3.9.html#deprecated"
    },
    "3.9.1": {
        "release": "https://www.python.org/downloads/release/python-391/",
        "deprected": "https://docs.python.org/release/3.9.1/whatsnew/3.9.html#deprecated"
    },
    "3.9.0": {
        "release": "https://www.python.org/downloads/release/python-390/",
        "deprected": "https://docs.python.org/release/3.9.0/whatsnew/3.9.html#deprecated"
    },
    "3.8.9": {
        "release": "https://www.python.org/downloads/release/python-389/",
        "deprected": "https://docs.python.org/release/3.8.9/whatsnew/3.8.html#deprecated"
    },
    "3.8.8": {
        "release": "https://www.python.org/downloads/release/python-388/",
        "deprected": "https://docs.python.org/release/3.8.8/whatsnew/3.8.html#deprecated"
    },
    "3.8.7": {
        "release": "https://www.python.org/downloads/release/python-387/",
        "deprected": "https://docs.python.org/release/3.8.7/whatsnew/3.8.html#deprecated"
    },
    "3.8.6": {
        "release": "https://www.python.org/downloads/release/python-386/",
        "deprected": "https://docs.python.org/release/3.8.6/whatsnew/3.8.html#deprecated"
    },
    "3.8.5": {
        "release": "https://www.python.org/downloads/release/python-385/",
        "deprected": "https://docs.python.org/release/3.8.5/whatsnew/3.8.html#deprecated"
    },
    "3.8.4": {
        "release": "https://www.python.org/downloads/release/python-384/",
        "deprected": "https://docs.python.org/release/3.8.4/whatsnew/3.8.html#deprecated"
    },
    "3.8.3": {
        "release": "https://www.python.org/downloads/release/python-383/",
        "deprected": "https://docs.python.org/release/3.8.3/whatsnew/3.8.html#deprecated"
    },
    "3.8.2": {
        "release": "https://www.python.org/downloads/release/python-382/",
        "deprected": "https://docs.python.org/release/3.8.2/whatsnew/3.8.html#deprecated"
    },
    "3.8.19": {
        "release": "https://www.python.org/downloads/release/python-3819/",
        "deprected": "https://docs.python.org/release/3.8.19/whatsnew/3.8.html#deprecated"
    },
    "3.8.18": {
        "release": "https://www.python.org/downloads/release/python-3818/",
        "deprected": "https://docs.python.org/release/3.8.18/whatsnew/3.8.html#deprecated"
    },
    "3.8.17": {
        "release": "https://www.python.org/downloads/release/python-3817/",
        "deprected": "https://docs.python.org/release/3.8.17/whatsnew/3.8.html#deprecated"
    },
    "3.8.16": {
        "release": "https://www.python.org/downloads/release/python-3816/",
        "deprected": "https://docs.python.org/release/3.8.16/whatsnew/3.8.html#deprecated"
    },
    "3.8.15": {
        "release": "https://www.python.org/downloads/release/python-3815/",
        "deprected": "https://docs.python.org/release/3.8.15/whatsnew/3.8.html#deprecated"
    },
    "3.8.14": {
        "release": "https://www.python.org/downloads/release/python-3814/",
        "deprected": "https://docs.python.org/release/3.8.14/whatsnew/3.8.html#deprecated"
    },
    "3.8.13": {
        "release": "https://www.python.org/downloads/release/python-3813/",
        "deprected": "https://docs.python.org/release/3.8.13/whatsnew/3.8.html#deprecated"
    },
    "3.8.12": {
        "release": "https://www.python.org/downloads/release/python-3812/",
        "deprected": "https://docs.python.org/release/3.8.12/whatsnew/3.8.html#deprecated"
    },
    "3.8.11": {
        "release": "https://www.python.org/downloads/release/python-3811/",
        "deprected": "https://docs.python.org/release/3.8.11/whatsnew/3.8.html#deprecated"
    },
    "3.8.10": {
        "release": "https://www.python.org/downloads/release/python-3810/",
        "deprected": "https://docs.python.org/release/3.8.10/whatsnew/3.8.html#deprecated"
    },
    "3.8.1": {
        "release": "https://www.python.org/downloads/release/python-381/",
        "deprected": "https://docs.python.org/release/3.8.1/whatsnew/3.8.html#deprecated"
    },
    "3.8.0": {
        "release": "https://www.python.org/downloads/release/python-380/",
        "deprected": "https://docs.python.org/release/3.8.0/whatsnew/3.8.html#deprecated"
    },
    "3.7.9": {
        "release": "https://www.python.org/downloads/release/python-379/",
        "deprected": "https://docs.python.org/release/3.7.9/whatsnew/3.6.html#deprecated"
    },
    "3.7.8": {
        "release": "https://www.python.org/downloads/release/python-378/",
        "deprected": "https://docs.python.org/release/3.7.8/whatsnew/3.6.html#deprecated"
    },
    "3.7.7": {
        "release": "https://www.python.org/downloads/release/python-377/",
        "deprected": "https://docs.python.org/release/3.7.7/whatsnew/3.6.html#deprecated"
    },
    "3.7.6": {
        "release": "https://www.python.org/downloads/release/python-376/",
        "deprected": "https://docs.python.org/release/3.7.6/whatsnew/3.6.html#deprecated"
    },
    "3.7.5": {
        "release": "https://www.python.org/downloads/release/python-375/",
        "deprected": "https://docs.python.org/release/3.7.5/whatsnew/3.6.html#deprecated"
    },
    "3.7.4": {
        "release": "https://www.python.org/downloads/release/python-374/",
        "deprected": "https://docs.python.org/release/3.7.4/whatsnew/3.6.html#deprecated"
    },
    "3.7.3": {
        "release": "https://www.python.org/downloads/release/python-373/",
        "deprected": "https://docs.python.org/release/3.7.3/whatsnew/3.6.html#deprecated"
    },
    "3.7.2": {
        "release": "https://www.python.org/downloads/release/python-372/",
        "deprected": "https://docs.python.org/release/3.7.2/whatsnew/3.6.html#deprecated"
    },
    "3.7.17": {
        "release": "https://www.python.org/downloads/release/python-3717/",
        "deprected": "https://docs.python.org/release/3.7.17/whatsnew/3.6.html#deprecated"
    },
    "3.7.16": {
        "release": "https://www.python.org/downloads/release/python-3716/",
        "deprected": "https://docs.python.org/release/3.7.16/whatsnew/3.6.html#deprecated"
    },
    "3.7.15": {
        "release": "https://www.python.org/downloads/release/python-3715/",
        "deprected": "https://docs.python.org/release/3.7.15/whatsnew/3.6.html#deprecated"
    },
    "3.7.14": {
        "release": "https://www.python.org/downloads/release/python-3714/",
        "deprected": "https://docs.python.org/release/3.7.14/whatsnew/3.6.html#deprecated"
    },
    "3.7.13": {
        "release": "https://www.python.org/downloads/release/python-3713/",
        "deprected": "https://docs.python.org/release/3.7.13/whatsnew/3.6.html#deprecated"
    },
    "3.7.12": {
        "release": "https://www.python.org/downloads/release/python-3712/",
        "deprected": "https://docs.python.org/release/3.7.12/whatsnew/3.6.html#deprecated"
    },
    "3.7.11": {
        "release": "https://www.python.org/downloads/release/python-3711/",
        "deprected": "https://docs.python.org/release/3.7.11/whatsnew/3.6.html#deprecated"
    },
    "3.7.10": {
        "release": "https://www.python.org/downloads/release/python-3710/",
        "deprected": "https://docs.python.org/release/3.7.10/whatsnew/3.6.html#deprecated"
    },
    "3.7.1": {
        "release": "https://www.python.org/downloads/release/python-371/",
        "deprected": "https://docs.python.org/release/3.7.1/whatsnew/3.6.html#deprecated"
    },
    "3.7.0": {
        "release": "https://www.python.org/downloads/release/python-370/",
        "deprected": "https://docs.python.org/release/3.7.0/whatsnew/3.6.html#deprecated"
    },
    "3.6.9": {
        "release": "https://www.python.org/downloads/release/python-369/",
        "deprected": "https://docs.python.org/release/3.6.9/whatsnew/3.6.html#deprecated"
    },
    "3.6.8": {
        "release": "https://www.python.org/downloads/release/python-368/",
        "deprected": "https://docs.python.org/release/3.6.8/whatsnew/3.6.html#deprecated"
    },
    "3.6.7": {
        "release": "https://www.python.org/downloads/release/python-367/",
        "deprected": "https://docs.python.org/release/3.6.7/whatsnew/3.6.html#deprecated"
    },
    "3.6.6": {
        "release": "https://www.python.org/downloads/release/python-366/",
        "deprected": "https://docs.python.org/release/3.6.6/whatsnew/3.6.html#deprecated"
    },
    "3.6.5": {
        "release": "https://www.python.org/downloads/release/python-365/",
        "deprected": "https://docs.python.org/release/3.6.5/whatsnew/3.6.html#deprecated"
    },
    "3.6.4": {
        "release": "https://www.python.org/downloads/release/python-364/",
        "deprected": "https://docs.python.org/release/3.6.4/whatsnew/3.6.html#deprecated"
    },
    "3.6.3": {
        "release": "https://www.python.org/downloads/release/python-363/",
        "deprected": "https://docs.python.org/release/3.6.3/whatsnew/3.6.html#deprecated"
    },
    "3.6.2": {
        "release": "https://www.python.org/downloads/release/python-362/",
        "deprected": "https://docs.python.org/release/3.6.2/whatsnew/3.6.html#deprecated"
    },
    "3.6.15": {
        "release": "https://www.python.org/downloads/release/python-3615/",
        "deprected": "https://docs.python.org/release/3.6.15/whatsnew/3.6.html#deprecated"
    },
    "3.6.14": {
        "release": "https://www.python.org/downloads/release/python-3614/",
        "deprected": "https://docs.python.org/release/3.6.14/whatsnew/3.6.html#deprecated"
    },
    "3.6.13": {
        "release": "https://www.python.org/downloads/release/python-3613/",
        "deprected": "https://docs.python.org/release/3.6.13/whatsnew/3.6.html#deprecated"
    },
    "3.6.12": {
        "release": "https://www.python.org/downloads/release/python-3612/",
        "deprected": "https://docs.python.org/release/3.6.12/whatsnew/3.6.html#deprecated"
    },
    "3.6.11": {
        "release": "https://www.python.org/downloads/release/python-3611/",
        "deprected": "https://docs.python.org/release/3.6.11/whatsnew/3.6.html#deprecated"
    },
    "3.6.10": {
        "release": "https://www.python.org/downloads/release/python-3610/",
        "deprected": "https://docs.python.org/release/3.6.10/whatsnew/3.6.html#deprecated"
    },
    "3.6.1": {
        "release": "https://www.python.org/downloads/release/python-361/",
        "deprected": "https://docs.python.org/release/3.6.1/whatsnew/3.6.html#deprecated"
    },
    "3.6.0": {
        "release": "https://www.python.org/downloads/release/python-360/",
        "deprected": "https://docs.python.org/release/3.6.0/whatsnew/3.6.html#deprecated"
    },
    "3.5.9": {
        "release": "https://www.python.org/downloads/release/python-359/",
        "deprected": "https://docs.python.org/release/3.5.9/whatsnew/3.5.html#deprecated"
    },
    "3.5.8": {
        "release": "https://www.python.org/downloads/release/python-358/",
        "deprected": "https://docs.python.org/release/3.5.8/whatsnew/3.5.html#deprecated"
    },
    "3.5.7": {
        "release": "https://www.python.org/downloads/release/python-357/",
        "deprected": "https://docs.python.org/release/3.5.7/whatsnew/3.5.html#deprecated"
    },
    "3.5.6": {
        "release": "https://www.python.org/downloads/release/python-356/",
        "deprected": "https://docs.python.org/release/3.5.6/whatsnew/3.5.html#deprecated"
    },
    "3.5.5": {
        "release": "https://www.python.org/downloads/release/python-355/",
        "deprected": "https://docs.python.org/release/3.5.5/whatsnew/3.5.html#deprecated"
    },
    "3.5.4": {
        "release": "https://www.python.org/downloads/release/python-354/",
        "deprected": "https://docs.python.org/release/3.5.4/whatsnew/3.5.html#deprecated"
    },
    "3.5.3": {
        "release": "https://www.python.org/downloads/release/python-353/",
        "deprected": "https://docs.python.org/release/3.5.3/whatsnew/3.5.html#deprecated"
    },
    "3.5.2": {
        "release": "https://www.python.org/downloads/release/python-352/",
        "deprected": "https://docs.python.org/release/3.5.2/whatsnew/3.5.html#deprecated"
    },
    "3.5.10": {
        "release": "https://www.python.org/downloads/release/python-3510/",
        "deprected": "https://docs.python.org/release/3.5.10/whatsnew/3.5.html#deprecated"
    },
    "3.5.1": {
        "release": "https://www.python.org/downloads/release/python-351/",
        "deprected": "https://docs.python.org/release/3.5.1/whatsnew/3.5.html#deprecated"
    },
    "3.5.0": {
        "release": "https://www.python.org/downloads/release/python-350/",
        "deprected": "https://docs.python.org/release/3.5.0/whatsnew/3.5.html#deprecated"
    },
    "3.4.9": {
        "release": "https://www.python.org/downloads/release/python-349/",
        "deprected": "https://docs.python.org/release/3.4.9/whatsnew/3.4.html#deprecated"
    },
    "3.4.8": {
        "release": "https://www.python.org/downloads/release/python-348/",
        "deprected": "https://docs.python.org/release/3.4.8/whatsnew/3.4.html#deprecated"
    },
    "3.4.7": {
        "release": "https://www.python.org/downloads/release/python-347/",
        "deprected": "https://docs.python.org/release/3.4.7/whatsnew/3.4.html#deprecated"
    },
    "3.4.6": {
        "release": "https://www.python.org/downloads/release/python-346/",
        "deprected": "https://docs.python.org/release/3.4.6/whatsnew/3.4.html#deprecated"
    },
    "3.4.5": {
        "release": "https://www.python.org/downloads/release/python-345/",
        "deprected": "https://docs.python.org/release/3.4.5/whatsnew/3.4.html#deprecated"
    },
    "3.4.4": {
        "release": "https://www.python.org/downloads/release/python-344/",
        "deprected": "https://docs.python.org/release/3.4.4/whatsnew/3.4.html#deprecated"
    },
    "3.4.3": {
        "release": "https://www.python.org/downloads/release/python-343/",
        "deprected": "https://docs.python.org/release/3.4.3/whatsnew/3.4.html#deprecated"
    },
    "3.4.2": {
        "release": "https://www.python.org/downloads/release/python-342/",
        "deprected": "https://docs.python.org/release/3.4.2/whatsnew/3.4.html#deprecated"
    },
    "3.4.10": {
        "release": "https://www.python.org/downloads/release/python-3410/",
        "deprected": "https://docs.python.org/release/3.4.10/whatsnew/3.4.html#deprecated"
    },
    "3.4.1": {
        "release": "https://www.python.org/downloads/release/python-341/",
        "deprected": "https://docs.python.org/release/3.4.1/whatsnew/3.4.html#deprecated"
    },
    "3.4.0": {
        "release": "https://www.python.org/downloads/release/python-340/",
        "deprected": "https://docs.python.org/release/3.4.0/whatsnew/3.4.html#deprecated"
    },
    "3.3.7": {
        "release": "https://www.python.org/downloads/release/python-337/",
        "deprected": "https://docs.python.org/release/3.3.7/whatsnew/3.3.html#deprecated"
    },
    "3.3.6": {
        "release": "https://www.python.org/downloads/release/python-336/",
        "deprected": "https://docs.python.org/release/3.3.6/whatsnew/3.3.html#deprecated"
    },
    "3.3.5": {
        "release": "https://www.python.org/downloads/release/python-335/",
        "deprected": "https://docs.python.org/release/3.3.5/whatsnew/3.3.html#deprecated"
    },
    "3.3.4": {
        "release": "https://www.python.org/downloads/release/python-334/",
        "deprected": "https://docs.python.org/release/3.3.4/whatsnew/3.3.html#deprecated"
    },
    "3.3.3": {
        "release": "https://www.python.org/downloads/release/python-333/",
        "deprected": "https://docs.python.org/release/3.3.3/whatsnew/3.3.html#deprecated"
    },
    "3.3.2": {
        "release": "https://www.python.org/downloads/release/python-332/",
        "deprected": "https://docs.python.org/release/3.3.2/whatsnew/3.3.html#deprecated"
    },
    "3.3.1": {
        "release": "https://www.python.org/downloads/release/python-331/",
        "deprected": "https://docs.python.org/release/3.3.1/whatsnew/3.3.html#deprecated"
    },
    "3.3.0": {
        "release": "https://www.python.org/downloads/release/python-330/",
        "deprected": "https://docs.python.org/release/3.3.0/whatsnew/3.3.html#deprecated"
    },
    "3.2.6": {
        "release": "https://www.python.org/downloads/release/python-326/",
        "deprected": ""
    },
    "3.2.5": {
        "release": "https://www.python.org/downloads/release/python-325/",
        "deprected": ""
    },
    "3.2.4": {
        "release": "https://www.python.org/downloads/release/python-324/",
        "deprected": ""
    },
    "3.2.3": {
        "release": "https://www.python.org/downloads/release/python-323/",
        "deprected": ""
    },
    "3.2.2": {
        "release": "https://www.python.org/downloads/release/python-322/",
        "deprected": ""
    },
    "3.2.1": {
        "release": "https://www.python.org/downloads/release/python-321/",
        "deprected": ""
    },
    "3.2.0": {
        "release": "https://www.python.org/downloads/release/python-320/",
        "deprected": ""
    },
    "3.12.2": {
        "release": "https://www.python.org/downloads/release/python-3122/",
        "deprected": "https://docs.python.org/release/3.12.2/whatsnew/3.12.html#deprecated"
    },
    "3.12.1": {
        "release": "https://www.python.org/downloads/release/python-3121/",
        "deprected": "https://docs.python.org/release/3.12.1/whatsnew/3.12.html#deprecated"
    },
    "3.12.0": {
        "release": "https://www.python.org/downloads/release/python-3120/",
        "deprected": "https://docs.python.org/release/3.12.0/whatsnew/3.12.html#deprecated"
    },
    "3.11.8": {
        "release": "https://www.python.org/downloads/release/python-3118/",
        "deprected": "https://docs.python.org/release/3.11.8/whatsnew/3.11.html#deprecated"
    },
    "3.11.7": {
        "release": "https://www.python.org/downloads/release/python-3117/",
        "deprected": "https://docs.python.org/release/3.11.7/whatsnew/3.11.html#deprecated"
    },
    "3.11.6": {
        "release": "https://www.python.org/downloads/release/python-3116/",
        "deprected": "https://docs.python.org/release/3.11.6/whatsnew/3.11.html#deprecated"
    },
    "3.11.5": {
        "release": "https://www.python.org/downloads/release/python-3115/",
        "deprected": "https://docs.python.org/release/3.11.5/whatsnew/3.11.html#deprecated"
    },
    "3.11.4": {
        "release": "https://www.python.org/downloads/release/python-3114/",
        "deprected": "https://docs.python.org/release/3.11.4/whatsnew/3.11.html#deprecated"
    },
    "3.11.3": {
        "release": "https://www.python.org/downloads/release/python-3113/",
        "deprected": "https://docs.python.org/release/3.11.3/whatsnew/3.11.html#deprecated"
    },
    "3.11.2": {
        "release": "https://www.python.org/downloads/release/python-3112/",
        "deprected": "https://docs.python.org/release/3.11.2/whatsnew/3.11.html#deprecated"
    },
    "3.11.1": {
        "release": "https://www.python.org/downloads/release/python-3111/",
        "deprected": "https://docs.python.org/release/3.11.1/whatsnew/3.11.html#deprecated"
    },
    "3.11.0": {
        "release": "https://www.python.org/downloads/release/python-3110/",
        "deprected": "https://docs.python.org/release/3.11.0/whatsnew/3.11.html#deprecated"
    },
    "3.10.9": {
        "release": "https://www.python.org/downloads/release/python-3109/",
        "deprected": "https://docs.python.org/release/3.10.9/whatsnew/3.10.html#deprecated"
    },
    "3.10.8": {
        "release": "https://www.python.org/downloads/release/python-3108/",
        "deprected": "https://docs.python.org/release/3.10.8/whatsnew/3.10.html#deprecated"
    },
    "3.10.7": {
        "release": "https://www.python.org/downloads/release/python-3107/",
        "deprected": "https://docs.python.org/release/3.10.7/whatsnew/3.10.html#deprecated"
    },
    "3.10.6": {
        "release": "https://www.python.org/downloads/release/python-3106/",
        "deprected": "https://docs.python.org/release/3.10.6/whatsnew/3.10.html#deprecated"
    },
    "3.10.5": {
        "release": "https://www.python.org/downloads/release/python-3105/",
        "deprected": "https://docs.python.org/release/3.10.5/whatsnew/3.10.html#deprecated"
    },
    "3.10.4": {
        "release": "https://www.python.org/downloads/release/python-3104/",
        "deprected": "https://docs.python.org/release/3.10.4/whatsnew/3.10.html#deprecated"
    },
    "3.10.3": {
        "release": "https://www.python.org/downloads/release/python-3103/",
        "deprected": "https://docs.python.org/release/3.10.3/whatsnew/3.10.html#deprecated"
    },
    "3.10.2": {
        "release": "https://www.python.org/downloads/release/python-3102/",
        "deprected": "https://docs.python.org/release/3.10.2/whatsnew/3.10.html#deprecated"
    },
    "3.10.14": {
        "release": "https://www.python.org/downloads/release/python-31014/",
        "deprected": "https://docs.python.org/release/3.10.14/whatsnew/3.10.html#deprecated"
    },
    "3.10.13": {
        "release": "https://www.python.org/downloads/release/python-31013/",
        "deprected": "https://docs.python.org/release/3.10.13/whatsnew/3.10.html#deprecated"
    },
    "3.10.12": {
        "release": "https://www.python.org/downloads/release/python-31012/",
        "deprected": "https://docs.python.org/release/3.10.12/whatsnew/3.10.html#deprecated"
    },
    "3.10.11": {
        "release": "https://www.python.org/downloads/release/python-31011/",
        "deprected": "https://docs.python.org/release/3.10.11/whatsnew/3.10.html#deprecated"
    },
    "3.10.10": {
        "release": "https://www.python.org/downloads/release/python-31010/",
        "deprected": "https://docs.python.org/release/3.10.10/whatsnew/3.10.html#deprecated"
    },
    "3.10.1": {
        "release": "https://www.python.org/downloads/release/python-3101/",
        "deprected": "https://docs.python.org/release/3.10.1/whatsnew/3.10.html#deprecated"
    },
    "3.10.0": {
        "release": "https://www.python.org/downloads/release/python-3100/",
        "deprected": "https://docs.python.org/release/3.10.0/whatsnew/3.10.html#deprecated"
    },
    "3.1.5": {
        "release": "https://www.python.org/downloads/release/python-315/",
        "deprected": ""
    },
    "3.1.4": {
        "release": "https://www.python.org/downloads/release/python-314/",
        "deprected": ""
    },
    "3.1.3": {
        "release": "https://www.python.org/downloads/release/python-313/",
        "deprected": ""
    },
    "3.1.2": {
        "release": "https://www.python.org/downloads/release/python-312/",
        "deprected": ""
    },
    "3.1.1": {
        "release": "https://www.python.org/downloads/release/python-311/",
        "deprected": ""
    },
    "3.1.0": {
        "release": "https://www.python.org/downloads/release/python-310/",
        "deprected": ""
    },
    "3.0.1": {
        "release": "https://www.python.org/downloads/release/python-301/",
        "deprected": ""
    },
    "3.0.0": {
        "release": "https://www.python.org/downloads/release/python-300/",
        "deprected": ""
    },
    "2.7.9": {
        "release": "https://www.python.org/downloads/release/python-279/",
        "deprected": ""
    },
    "2.7.8": {
        "release": "https://www.python.org/downloads/release/python-278/",
        "deprected": ""
    },
    "2.7.7": {
        "release": "https://www.python.org/downloads/release/python-277/",
        "deprected": ""
    },
    "2.7.6": {
        "release": "https://www.python.org/downloads/release/python-276/",
        "deprected": ""
    },
    "2.7.5": {
        "release": "https://www.python.org/downloads/release/python-275/",
        "deprected": ""
    },
    "2.7.4": {
        "release": "https://www.python.org/downloads/release/python-274/",
        "deprected": ""
    },
    "2.7.3": {
        "release": "https://www.python.org/downloads/release/python-273/",
        "deprected": ""
    },
    "2.7.2": {
        "release": "https://www.python.org/downloads/release/python-272/",
        "deprected": ""
    },
    "2.7.18": {
        "release": "https://www.python.org/downloads/release/python-2718/",
        "deprected": ""
    },
    "2.7.17": {
        "release": "https://www.python.org/downloads/release/python-2717/",
        "deprected": ""
    },
    "2.7.16": {
        "release": "https://www.python.org/downloads/release/python-2716/",
        "deprected": ""
    },
    "2.7.15": {
        "release": "https://www.python.org/downloads/release/python-2715/",
        "deprected": ""
    },
    "2.7.14": {
        "release": "https://www.python.org/downloads/release/python-2714/",
        "deprected": ""
    },
    "2.7.13": {
        "release": "https://www.python.org/downloads/release/python-2713/",
        "deprected": ""
    },
    "2.7.12": {
        "release": "https://www.python.org/downloads/release/python-2712/",
        "deprected": ""
    },
    "2.7.11": {
        "release": "https://www.python.org/downloads/release/python-2711/",
        "deprected": ""
    },
    "2.7.10": {
        "release": "https://www.python.org/downloads/release/python-2710/",
        "deprected": ""
    },
    "2.7.1": {
        "release": "https://www.python.org/downloads/release/python-271/",
        "deprected": ""
    },
    "2.7.0": {
        "release": "https://www.python.org/downloads/release/python-270/",
        "deprected": ""
    },
    "2.6.9": {
        "release": "https://www.python.org/downloads/release/python-269/",
        "deprected": ""
    },
    "2.6.8": {
        "release": "https://www.python.org/downloads/release/python-268/",
        "deprected": ""
    },
    "2.6.7": {
        "release": "https://www.python.org/downloads/release/python-267/",
        "deprected": ""
    },
    "2.6.6": {
        "release": "https://www.python.org/downloads/release/python-266/",
        "deprected": ""
    },
    "2.6.5": {
        "release": "https://www.python.org/downloads/release/python-265/",
        "deprected": ""
    },
    "2.6.4": {
        "release": "https://www.python.org/downloads/release/python-264/",
        "deprected": ""
    },
    "2.6.3": {
        "release": "https://www.python.org/downloads/release/python-263/",
        "deprected": ""
    },
    "2.6.2": {
        "release": "https://www.python.org/downloads/release/python-262/",
        "deprected": ""
    },
    "2.6.1": {
        "release": "https://www.python.org/downloads/release/python-261/",
        "deprected": ""
    },
    "2.6.0": {
        "release": "https://www.python.org/downloads/release/python-260/",
        "deprected": ""
    },
    "2.5.6": {
        "release": "https://www.python.org/downloads/release/python-256/",
        "deprected": ""
    },
    "2.5.5": {
        "release": "https://www.python.org/downloads/release/python-255/",
        "deprected": ""
    },
    "2.5.4": {
        "release": "https://www.python.org/downloads/release/python-254/",
        "deprected": ""
    },
    "2.5.3": {
        "release": "https://www.python.org/downloads/release/python-253/",
        "deprected": ""
    },
    "2.5.2": {
        "release": "https://www.python.org/downloads/release/python-252/",
        "deprected": ""
    },
    "2.5.1": {
        "release": "https://www.python.org/downloads/release/python-251/",
        "deprected": ""
    },
    "2.5.0": {
        "release": "https://www.python.org/downloads/release/python-250/",
        "deprected": ""
    },
    "2.4.6": {
        "release": "https://www.python.org/downloads/release/python-246/",
        "deprected": ""
    },
    "2.4.5": {
        "release": "https://www.python.org/downloads/release/python-245/",
        "deprected": ""
    },
    "2.4.4": {
        "release": "https://www.python.org/downloads/release/python-244/",
        "deprected": ""
    },
    "2.4.3": {
        "release": "https://www.python.org/downloads/release/python-243/",
        "deprected": ""
    },
    "2.4.2": {
        "release": "https://www.python.org/downloads/release/python-242/",
        "deprected": ""
    },
    "2.4.1": {
        "release": "https://www.python.org/downloads/release/python-241/",
        "deprected": ""
    },
    "2.4.0": {
        "release": "https://www.python.org/downloads/release/python-240/",
        "deprected": ""
    },
    "2.3.7": {
        "release": "https://www.python.org/downloads/release/python-237/",
        "deprected": ""
    },
    "2.3.6": {
        "release": "https://www.python.org/downloads/release/python-236/",
        "deprected": ""
    },
    "2.3.5": {
        "release": "https://www.python.org/downloads/release/python-235/",
        "deprected": ""
    },
    "2.3.4": {
        "release": "https://www.python.org/downloads/release/python-234/",
        "deprected": ""
    },
    "2.3.3": {
        "release": "https://www.python.org/downloads/release/python-233/",
        "deprected": ""
    },
    "2.3.2": {
        "release": "https://www.python.org/downloads/release/python-232/",
        "deprected": ""
    },
    "2.3.1": {
        "release": "https://www.python.org/downloads/release/python-231/",
        "deprected": ""
    },
    "2.3.0": {
        "release": "https://www.python.org/downloads/release/python-230/",
        "deprected": ""
    },
    "2.2.3": {
        "release": "https://www.python.org/downloads/release/python-223/",
        "deprected": ""
    },
    "2.2.2": {
        "release": "https://www.python.org/downloads/release/python-222/",
        "deprected": ""
    },
    "2.2.1": {
        "release": "https://www.python.org/downloads/release/python-221/",
        "deprected": ""
    },
    "2.2.0": {
        "release": "https://www.python.org/downloads/release/python-220/",
        "deprected": ""
    },
    "2.1.3": {
        "release": "https://www.python.org/downloads/release/python-213/",
        "deprected": ""
    },
    "2.0.1": {
        "release": "https://www.python.org/downloads/release/python-201/",
        "deprected": ""
    }
}