{
    "name": "John Doe",
    "age": 30,
    "address": {
      "street": "123 Main St",
      "city": "Anytown",
      "state": "CA",
      "zip": "12345"
    },
    "contacts": [
      {
        "type": "email",
        "value": "john.doe@example.com"
      },
      {
        "type": "phone",
        "value": "+1 555-123-4567"
      }
    ],
    "isStudent": false,
    "courses": [
      {
        "courseName": "Computer Science",
        "credits": 3
      },
      {
        "courseName": "Mathematics",
        "credits": 4
      }
    ],
    "grades": {
      "Computer Science": "A",
      "Mathematics": "B+"
    },
    "isActive": true
  }
  