{
    "name": "John Doe",
    "age": 30,
    "gender": "Male",
    "address": {
        "street": "123 Main St",
        "state": "CA",
        "zip": "12345"
    },
    "contacts": [
        {
            "type": "mail",
            "value": "john.doe@example.com"
        }
       
    ],
   
    "courses": [
        {
            "courseName": "Computer Science",
            "credits": 3
        },
        {
            "courseName": "Mathematics",
            "credits": 4
        }
    ],
    "grades": {
        "Computer Science": "A",
        "Mathematics": "B+"
    },
   
    "isActive": true
}